Category,Average Cosine Similarity
Neutral,0.15542768102194365
Poetic,0.078362955
Technical,0.050916996792674196
Narrative,0.051842043183344524
Style Transfer,0.10059593855797729
Performative,0.058827972
